排名,电影名,上映时间,评分,票房,平均票价,场均人次,电影标签,出品地区
1,长津湖,2021-09-30,9.5,577534,46.383896,22,"剧情,历史,战争",中国大陆
2,战狼2,2017-07-27,9.7,569454,35.594273,37,"动作,战争",中国大陆
3,你好，李焕英,2021-02-12,9.5,541320,44.756565,24,喜剧,中国大陆
4,哪吒之魔童降世,2019-07-26,9.6,503570,35.692463,23,动画,中国大陆
5,流浪地球,2019-02-05,9.2,468739,44.596836,29,"科幻,冒险,灾难",中国大陆
6,满江红,2023-01-22,9.4,454435,49.51212,24,"悬疑,喜剧,剧情",中国大陆
7,唐人街探案3,2021-02-12,8.8,452356,47.60254,29,"喜剧,悬疑",中国大陆
8,复仇者联盟4：终局之战,2019-04-24,9.1,425015,48.95791,23,"动作,科幻,奇幻,冒险",美国
9,长津湖之水门桥,2022-02-01,9.6,406745,49.286682,19,"剧情,历史,战争",中国大陆
10,流浪地球2,2023-01-22,9.3,404375,50.772953,21,"科幻,冒险,灾难",中国大陆
11,孤注一掷,2023-08-08,9.1,384984,41.41531,18,"犯罪,剧情",中国大陆
12,红海行动,2018-02-16,9.4,365228,39.27593,32,"剧情,动作",中国大陆
13,消失的她,2023-06-22,9.2,352387,41.529163,21,"悬疑,犯罪,剧情",中国大陆
14,热辣滚烫,2024-02-10,9.2,341720,48.017963,22,"喜剧,剧情",中国大陆
15,唐人街探案2,2018-02-16,9.0,339777,38.757133,38,"喜剧,动作,悬疑",中国大陆
16,美人鱼,2016-02-08,9.0,339120,36.668804,43,"喜剧,爱情,科幻",中国大陆
17,飞驰人生2,2024-02-10,9.5,336084,48.021935,19,"喜剧,剧情",中国大陆
18,抓娃娃,2024-07-16,9.4,332752,41.38267,14,"喜剧,剧情",中国大陆
19,我和我的祖国,2019-09-30,9.7,317003,38.10905,35,剧情,中国大陆
20,八佰,2020-08-21,9.2,311084,38.33633,20,"剧情,战争,历史",中国大陆
21,独行月球,2022-07-29,9.2,310310,41.605843,12,"喜剧,科幻",中国大陆
22,我不是药神,2018-07-05,9.6,310002,34.814323,26,"剧情,喜剧",中国大陆
23,中国机长,2019-09-30,9.4,291317,37.429123,25,"剧情,传记,灾难",中国大陆
24,我和我的家乡,2020-10-01,9.1,282992,38.75535,19,"剧情,喜剧",中国大陆
25,速度与激情8,2017-04-14,9.3,267093,36.648827,30,"动作,惊悚,犯罪",美国
26,封神第一部,2023-07-20,9.4,263460,43.417812,16,"神话,动作,史诗",中国大陆
27,这个杀手不太冷静,2022-02-01,9.1,262800,48.19243,14,喜剧,中国大陆
28,西虹市首富,2018-07-27,9.2,254766,35.06266,28,喜剧,中国大陆
29,捉妖记,2015-07-16,9.1,243623,37.16108,41,"喜剧,奇幻,古装",中国大陆
30,第二十条,2024-02-10,9.5,242909,46.312737,16,"喜剧,剧情,家庭",中国大陆
31,速度与激情7,2015-04-12,9.6,242313,38.856926,42,"动作,惊悚,犯罪",美国
32,复仇者联盟3：无限战争,2018-05-11,9.0,239051,38.24297,19,"动作,科幻,奇幻,冒险",美国
33,捉妖记2,2018-02-16,8.2,223723,38.314194,44,"喜剧,奇幻",中国大陆
34,疯狂的外星人,2019-02-05,8.5,221367,42.005585,30,喜剧,中国大陆
35,羞羞的铁拳,2017-09-30,9.1,221365,33.400208,25,"喜剧,奇幻",中国大陆
36,八角笼中,2023-07-06,9.5,220739,40.71143,18,剧情,中国大陆
37,海王,2018-12-07,9.3,201308,36.35835,18,"动作,奇幻,冒险","美国,澳大利亚"
38,熊出没·逆转时空,2024-02-10,9.4,198383,45.990677,22,"动画,喜剧,科幻",中国大陆
39,变形金刚4：绝迹重生,2014-06-27,9.2,197652,41.633636,50,"动作,科幻,冒险","美国,中国大陆"
40,前任3：再见前任,2017-12-29,9.1,194190,35.06071,29,"喜剧,爱情",中国大陆
41,毒液：致命守护者,2018-11-09,9.2,187065,35.510277,17,"动作,惊悚,科幻",美国
42,长安三万里,2023-07-08,9.4,182441,41.316296,19,"动画,历史",中国大陆
43,功夫瑜伽,2017-01-28,8.4,174868,38.17402,33,"动作,冒险,奇幻","中国大陆,印度"
44,飞驰人生,2019-02-05,8.8,172824,41.692364,25,"喜剧,动作",中国大陆
45,阿凡达,2010-01-04,9.4,171539,45.51828,22,"动作,科幻,冒险","美国,英国"
46,人生大事,2022-06-24,9.4,171259,40.256683,10,"剧情,家庭",中国大陆
47,烈火英雄,2019-08-01,9.4,170685,35.896545,19,"灾难,动作,剧情",中国大陆
48,阿凡达：水之道,2022-12-16,9.0,169804,50.156097,8,"科幻,动作,冒险",美国
49,侏罗纪世界2,2018-06-15,8.6,169591,35.697067,19,"动作,冒险,科幻",美国
50,寻龙诀,2015-12-18,9.1,167988,36.200695,40,"动作,冒险,奇幻",中国大陆
51,西游伏妖篇,2017-01-28,7.7,165207,39.149124,36,"喜剧,动作,奇幻",中国大陆
52,港囧,2015-09-25,8.4,161135,32.852345,40,"喜剧,爱情,动作",中国大陆
53,姜子牙,2020-10-01,8.3,160302,39.790684,19,"动画,动作,冒险",中国大陆
54,万里归途,2022-09-30,9.5,159325,41.96201,8,"剧情,战争",中国大陆
55,少年的你,2019-10-25,9.4,155826,36.217808,16,"爱情,青春,剧情",中国大陆
56,变形金刚5：最后的骑士,2017-06-23,7.5,155126,36.93777,23,"动作,冒险,科幻",美国
57,疯狂动物城,2016-03-04,9.5,153190,33.58069,28,"动画,动作,冒险",美国
58,熊出没·伴我“熊芯”,2023-01-22,9.2,149524,46.30252,19,"动画,喜剧,科幻",中国大陆
59,我和我的父辈,2021-09-30,9.5,147727,43.4587,16,剧情,中国大陆
60,魔兽,2016-06-08,9.0,146887,37.072163,25,"动作,冒险,奇幻",美国
61,复仇者联盟2：奥创纪元,2015-05-12,8.6,146118,39.999035,29,"科幻,动作,冒险",美国
62,夏洛特烦恼,2015-09-30,9.3,144475,32.15511,33,"喜剧,爱情",中国大陆
63,速度与激情：特别行动,2019-08-23,8.7,143495,35.66835,15,"动作,惊悚,犯罪",美国
64,送你一朵小红花,2020-12-31,9.2,143276,37.26934,12,"剧情,家庭",中国大陆
65,芳华,2017-12-15,9.0,142299,34.23472,25,"剧情,爱情,战争",中国大陆
66,侏罗纪世界,2015-06-10,9.1,141821,38.28785,33,"动作,冒险,科幻",美国
67,蜘蛛侠：英雄远征,2019-06-28,9.0,141767,35.90006,17,"动作,冒险,科幻",美国
68,头号玩家,2018-03-30,9.0,139668,36.40283,18,"动作,冒险,科幻",美国
69,速度与激情9,2021-05-21,7.9,139226,39.293274,13,"动作,犯罪,冒险",美国
70,奇迹·笨小孩,2022-02-01,9.5,137934,46.25873,11,剧情,中国大陆
71,泰坦尼克号,1998-04-03,9.6,136531,22.056992,61,"剧情,爱情,灾难",美国
72,后来的我们,2018-04-28,8.3,136155,33.90266,21,"剧情,爱情",中国大陆
73,一出好戏,2018-08-10,8.2,135507,34.711494,25,"剧情,喜剧",中国大陆
74,坚如磐石,2023-09-28,8.7,135163,42.90325,10,"剧情,犯罪,悬疑",中国大陆
75,默杀,2024-07-03,9.2,135129,41.193733,10,"犯罪,悬疑,剧情",中国大陆
76,误杀,2019-12-13,9.4,133312,33.156654,11,"剧情,犯罪",中国大陆
77,怒火·重案,2021-07-30,9.3,132936,38.70422,8,动作,"中国大陆,中国香港"
78,中国医生,2021-07-09,9.3,132886,36.341267,11,剧情,中国大陆
79,拆弹专家2,2020-12-24,9.2,131473,38.65716,11,"动作,犯罪","中国大陆,中国香港"
80,扫毒2天地对决,2019-07-05,9.0,131288,36.361706,16,"剧情,动作,悬疑,犯罪","中国大陆,中国香港"
81,摔跤吧！爸爸,2017-05-05,9.8,129932,30.073994,22,"喜剧,动作,传记,剧情",印度
82,年会不能停！,2023-12-29,9.6,129263,39.348915,8,"喜剧,剧情",中国大陆
83,无双,2018-09-30,8.9,127378,35.56216,15,"动作,惊悚,犯罪","中国大陆,中国香港"
84,人再囧途之泰囧,2012-12-12,8.7,127096,32.42341,45,"喜剧,冒险,爱情",中国大陆
85,西游·降魔篇,2013-02-10,8.4,124695,40.226612,41,"喜剧,奇幻,冒险","中国大陆,中国香港"
86,碟中谍6：全面瓦解,2018-08-31,9.0,124523,36.820988,15,"动作,惊悚,冒险",美国
87,美国队长3,2016-05-06,8.6,124397,34.987694,25,"动作,冒险,科幻",美国
88,哥斯拉大战金刚,2021-03-26,8.9,123265,37.44387,9,"动作,冒险,科幻",美国
89,寻梦环游记,2017-11-24,9.6,123008,33.49183,17,"动作,动画,冒险",美国
90,志愿军：存亡之战,2024-09-30,9.7,120668,41.344597,10,"剧情,战争",中国大陆
91,西游记之孙悟空三打白骨精,2016-02-08,7.7,119865,36.662884,35,"喜剧,动作,奇幻","中国大陆,中国香港"
92,悬崖之上,2021-04-30,9.1,119152,38.56635,12,"剧情,悬疑,动作",中国大陆
93,湄公河行动,2016-09-30,9.3,118685,30.444935,24,"剧情,动作,犯罪",中国大陆
94,人生路不熟,2023-04-28,9.2,118486,41.487186,9,"喜剧,剧情",中国大陆
95,叶问4：完结篇,2019-12-20,9.3,118170,35.41724,11,"动作,剧情,传记","中国大陆,中国香港"
96,加勒比海盗5：死无对证,2017-05-26,8.9,118007,35.81335,22,"喜剧,动作,奇幻",美国
97,长城,2016-12-16,8.4,117311,35.158714,21,"剧情,冒险,奇幻","中国大陆,美国"
98,心花路放,2014-09-30,9.0,116958,34.440758,36,"爱情,喜剧",中国大陆
99,煎饼侠,2015-07-17,8.5,116018,32.674587,39,喜剧,中国大陆
100,金刚：骷髅岛,2017-03-24,8.3,115892,35.14932,20,"动作,冒险,奇幻",美国
101,大黄蜂,2019-01-04,9.1,114973,35.910618,11,"动作,冒险,科幻",美国
102,金刚川,2020-10-23,9.4,112702,36.99133,8,"战争,剧情,历史",中国大陆
103,极限特工：终极回归,2017-02-10,8.7,112517,36.20821,23,"动作,惊悚,冒险",美国
104,误杀2,2021-12-17,9.0,112143,39.257664,9,"剧情,犯罪,家庭",中国大陆
105,澳门风云3,2016-02-08,6.9,111640,35.636642,36,"喜剧,动作",中国大陆
106,生化危机：终章,2017-02-24,8.5,110949,34.683666,20,"动作,惊悚,科幻",德国
107,攀登者,2019-09-30,9.4,110433,36.99075,21,"剧情,冒险",中国大陆
108,变形金刚3,2011-07-21,8.6,107095,41.80155,54,"动作,科幻",美国
109,侏罗纪世界3,2022-06-10,8.0,105944,35.558052,8,"动作,冒险,科幻",美国
110,巨齿鲨,2018-08-10,8.7,105374,38.287125,21,"动作,冒险,科幻",美国
111,乘风破浪,2017-01-28,8.7,104605,36.31127,27,"剧情,喜剧,冒险",中国大陆
112,西游记之大闹天宫,2014-01-31,5.2,104499,41.9303,40,"动作,奇幻","中国大陆,中国香港"
113,神偷奶爸3,2017-07-07,8.8,103791,34.058384,20,"喜剧,动画,冒险",美国
114,刺杀小说家,2021-02-12,8.6,103520,47.265385,16,"奇幻,动作,冒险",中国大陆
115,惊奇队长,2019-03-08,8.7,103517,37.17914,14,"动作,冒险,科幻",美国
116,前任4：英年早婚,2023-09-28,8.7,101229,42.32929,10,"爱情,喜剧",中国大陆
117,狂暴巨兽,2018-04-13,8.9,100397,34.81579,13,"动作,冒险,科幻",美国
118,盗墓笔记,2016-08-05,8.0,100310,35.231415,27,"惊悚,悬疑,奇幻",中国大陆
119,功夫熊猫3,2016-01-29,9.0,100054,35.606182,25,动画,"美国,中国大陆"
120,速度与激情10,2023-05-17,8.8,98476,37.62571,9,动作,美国
121,熊出没·重返地球,2022-02-01,9.4,97772,46.636467,16,"动画,剧情,科幻",中国大陆
122,奇幻森林,2016-04-15,8.9,97684,33.531403,24,"剧情,冒险,奇幻",美国
123,澳门风云2,2015-02-19,8.7,97263,39.20782,36,"喜剧,动作",中国大陆
124,比悲伤更悲伤的故事,2019-03-14,8.1,95843,30.736097,15,"剧情,爱情",中国台湾
125,哥斯拉大战金刚2：帝国崛起,2024-03-29,9.3,95693,42.801796,7,"动作,冒险,科幻",美国
126,西游记之大圣归来,2015-07-10,9.3,95462,34.659386,34,动画,中国大陆
127,哥斯拉2：怪兽之王,2019-05-31,8.5,93740,36.072906,14,"科幻,灾难,动作",美国
128,穿过寒冬拥抱你,2021-12-31,9.5,93685,42.4282,10,"剧情,爱情",中国大陆
129,无名,2023-01-22,9.0,93143,52.474125,17,"谍战,悬疑,动作,剧情",中国大陆
130,扬名立万,2021-11-11,9.1,92669,38.033257,7,"悬疑,喜剧,剧情",中国大陆
131,深海,2023-01-22,9.0,91953,46.549366,11,"奇幻,动画",中国大陆
132,热烈,2023-07-28,9.4,91331,41.39644,15,"青春,运动,喜剧",中国大陆
133,超时空同居,2018-05-18,8.7,90307,33.010834,12,"喜剧,爱情,奇幻",中国大陆
134,老炮儿,2015-12-24,9.1,90116,31.459543,38,"剧情,动作",中国大陆
135,阿丽塔：战斗天使,2019-02-22,9.0,89693,37.834686,14,"动作,冒险,科幻",美国
136,绝地逃亡,2016-07-21,8.5,88769,34.733532,25,"喜剧,动作",中国大陆
137,智取威虎山,2014-12-23,9.2,88348,41.35338,28,战争,"中国大陆,中国香港"
138,十二生肖,2012-12-20,未找到评分信息,88176,40.26582,37,"动作,冒险,喜剧","中国大陆,中国香港"
139,银河补习班,2019-07-18,9.4,87832,34.11227,16,"剧情,家庭",中国大陆
140,星际穿越,2014-11-12,9.3,87697,35.246487,23,"剧情,科幻,冒险",美国
141,志愿军：雄兵出击,2023-09-28,9.6,86891,42.22733,9,"剧情,历史,战争",中国大陆
142,碟中谍5：神秘国度,2015-09-08,9.0,86806,32.779945,26,"动作,惊悚,冒险",美国
143,温暖的抱抱,2020-12-31,8.5,86417,37.13129,11,喜剧,中国大陆
144,冰雪奇缘2,2019-11-22,8.9,86077,34.397697,11,"喜剧,动画,冒险",美国
145,我的姐姐,2021-04-02,8.8,86025,36.802353,9,"剧情,家庭",中国大陆
146,巨齿鲨2：深渊,2023-08-04,8.9,85136,42.33687,14,"冒险,动作,科幻","中国大陆,美国"
147,长空之王,2023-04-28,9.5,85059,41.857983,10,"剧情,动作",中国大陆
148,夺冠,2020-09-25,8.9,83679,38.80738,10,剧情,"中国大陆,中国香港"
149,狮子王,2019-07-12,8.8,83387,35.99165,16,"剧情,动画,冒险",美国
150,蚁人2：黄蜂女现身,2018-08-24,8.8,83157,36.05231,15,"动作,冒险,科幻",美国
151,星球大战：原力觉醒,2016-01-09,8.2,82426,37.234848,24,"冒险,科幻,奇幻",美国
152,唐人街探案,2015-12-31,9.0,82334,31.746136,33,"喜剧,动作,悬疑",中国大陆
153,你的婚礼,2021-04-30,8.0,82278,37.59066,14,爱情,中国大陆
154,从你的全世界路过,2016-09-29,8.6,81334,31.217215,22,"喜剧,爱情",中国大陆
155,铃芽之旅,2023-03-24,9.0,80790,33.219936,9,"爱情,动画,奇幻",日本
156,X战警：天启,2016-06-03,8.9,80091,34.448685,23,"动作,科幻,奇幻",美国
157,反贪风暴4,2019-04-04,9.0,79905,34.990177,11,"剧情,动作,犯罪",中国大陆
158,无名之辈,2018-11-16,9.0,79452,34.597515,12,"剧情,喜剧,犯罪",中国大陆
159,你想活出怎样的人生,2024-04-03,8.5,79116,38.886307,7,"剧情,奇幻,动画",日本
160,异形：夺命舰,2024-08-16,8.7,78636,40.556633,7,"科幻,惊悚",美国
161,北京遇上西雅图之不二情书,2016-04-29,8.5,78538,33.51533,24,"剧情,爱情",中国大陆
162,末路狂花钱,2024-05-01,8.7,78180,40.081097,7,"喜剧,剧情",中国大陆
163,蜘蛛侠：英雄归来,2017-09-08,8.2,77477,35.15436,16,"动作,冒险,科幻",美国
164,叶问3,2016-03-04,8.4,76948,38.843933,23,"动作,历史,传记",中国大陆
165,人潮汹涌,2021-02-12,9.0,76237,41.317425,10,"剧情,喜剧,爱情",中国大陆
166,霍比特人3：五军之战,2015-01-23,9.1,76129,45.45982,30,"动作,冒险,奇幻","美国,新西兰"
167,大闹天竺,2017-01-28,7.4,75611,35.56586,31,"喜剧,动作,冒险",中国大陆
168,钢铁侠3,2013-05-01,9.0,75486,41.834854,33,"动作,科幻,冒险","美国,中国大陆"
169,无问西东,2018-01-12,8.6,75432,31.431118,18,"爱情,战争",中国大陆
170,奇异博士,2016-11-04,8.9,75020,34.8847,18,"动作,冒险,奇幻",美国
171,神秘巨星,2018-01-19,9.3,74708,30.02213,17,"剧情,喜剧,音乐",印度
172,雷神3：诸神黄昏,2017-11-03,8.9,74371,35.466118,15,"动作,冒险,奇幻",美国
173,天将雄师,2015-02-19,8.3,74201,40.640205,38,"动作,战争,古装","中国大陆,中国香港"
174,猩球崛起3：终极之战,2017-09-15,8.2,74051,34.9678,16,"动作,冒险,剧情",美国
175,金刚狼3：殊死一战,2017-03-03,8.6,73008,32.372185,16,"动作,冒险,科幻",美国
176,西游记女儿国,2018-02-16,7.9,72741,39.74682,33,"喜剧,爱情,动作",中国大陆
177,X战警：逆转未来,2014-05-23,9.0,72293,37.240368,29,"剧情,动作,科幻,冒险","美国,英国"
178,终结者：创世纪,2015-08-23,8.9,72240,36.772095,24,"动作,冒险,科幻",美国
179,致我们终将逝去的青春,2013-04-26,8.3,71902,31.97473,36,"爱情,青春",中国大陆
180,美国队长2,2014-04-04,9.2,71898,39.05371,29,"动作,科幻,冒险",美国
181,熊出没·原始时代,2019-02-05,9.1,71740,39.03554,22,"喜剧,动画,冒险",中国大陆
182,好东西,2024-11-22,9.2,71428,42.16111,6,"剧情,爱情",中国大陆
183,私人订制,2013-12-19,7.4,71347,35.469856,30,"剧情,喜剧",中国大陆
184,你的名字。,2016-12-02,9.3,71324,29.357342,16,"动画,剧情",日本
185,神探大战,2022-07-08,9.0,71215,37.893658,8,"犯罪,动作,悬疑","中国大陆,中国香港"
186,猩球崛起2：黎明之战,2014-08-29,9.0,70732,36.77872,28,"剧情,动作,科幻",美国
187,三大队,2023-12-15,8.8,70587,42.258656,8,"剧情,犯罪",中国大陆
188,一闪一闪亮星星,2023-12-30,8.9,70239,41.999992,13,"爱情,奇幻",中国大陆
189,使徒行者2：谍影行动,2019-08-07,9.0,70228,36.29202,17,"悬疑,动作,犯罪",中国大陆
190,画皮2,2012-06-28,7.4,70202,41.05247,37,爱情,"中国大陆,中国香港"
191,保你平安,2023-03-10,9.3,70078,42.164967,6,"剧情,喜剧",中国大陆
192,狼图腾,2015-02-19,8.3,70075,39.397194,34,"剧情,冒险",中国大陆
193,铁道飞虎,2016-12-23,8.5,69929,36.7024,18,"剧情,喜剧,动作",中国大陆
194,悟空传,2017-07-13,7.7,69685,35.916782,17,"剧情,动作,奇幻",中国大陆
195,爸爸去哪儿,2014-01-31,8.4,69652,31.801163,40,"喜剧,冒险,家庭",中国大陆
196,环太平洋,2013-07-31,8.7,69540,40.411037,38,"动作,科幻,冒险",美国
197,正义联盟,2017-11-17,8.6,69058,35.48468,13,"动作,冒险,科幻",美国
198,银河护卫队2,2017-05-05,9.1,68615,37.273075,17,"动作,冒险,科幻",美国
199,九龙城寨之围城,2024-05-01,9.3,68500,41.041557,7,"动作,犯罪","中国大陆,中国香港"
200,毒液：最后一舞,2024-10-23,8.7,68446,41.32795,6,"动作,科幻,惊悚",美国
201,宠爱,2019-12-31,8.9,68364,34.891582,9,"喜剧,爱情,剧情",中国大陆
202,九层妖塔,2015-09-30,5.7,68132,34.347466,30,"剧情,动作,冒险",中国大陆
203,明日战记,2022-08-05,9.1,67947,41.25766,7,"动作,科幻,冒险","中国大陆,中国香港"
204,寒战2,2016-07-08,8.6,67661,36.547977,27,"剧情,动作,犯罪",中国大陆
205,碟中谍4,2012-01-28,8.8,67211,35.086987,43,"动作,谍战","美国,阿联酋,捷克,俄罗斯,印度,加拿大"
206,蚁人,2015-10-16,8.9,67035,36.10703,22,"动作,冒险,科幻",美国
207,摩天营救,2018-07-20,9.1,66981,35.184887,18,"动作,惊悚,冒险",美国
208,周处除三害,2024-03-01,9.3,66573,39.486576,7,"动作,犯罪,悬疑",中国台湾
209,分手大师,2014-06-27,8.4,66509,33.37043,34,"喜剧,爱情",中国大陆
210,莫斯科行动,2023-09-29,9.1,66413,42.59532,9,"剧情,犯罪,动作",中国大陆
211,灌篮高手,2023-04-20,9.2,66351,36.30264,9,"动画,青春,热血",日本
212,黑豹,2018-03-09,8.4,66260,36.069355,17,"剧情,动作,科幻",美国
213,情圣,2016-12-30,8.6,65790,31.282188,18,"喜剧,爱情",中国大陆
214,变形金刚：超能勇士崛起,2023-06-09,9.0,65570,37.40332,9,"动作,科幻,冒险",美国
215,唐山大地震,2010-07-22,8.3,65006,37.08066,61,"剧情,灾难","中国大陆,中国香港"
216,恶棍天使,2015-12-24,8.0,64854,29.965164,40,"喜剧,爱情",中国大陆
217,来电狂响,2018-12-28,8.6,64139,34.942345,14,"剧情,喜剧",中国大陆
218,大侦探皮卡丘,2019-05-10,8.6,64070,35.44802,10,"冒险,奇幻,喜剧",美国
219,惊天魔盗团2,2016-06-24,8.5,63771,33.112507,27,"喜剧,动作,惊悚",美国
220,让子弹飞,2010-12-16,8.5,63675,39.43557,49,"剧情,喜剧,动作,西部","中国大陆,中国香港"
221,环太平洋：雷霆再起,2018-03-23,8.1,63323,35.434902,13,"动作,冒险,科幻",美国
222,影,2018-09-30,8.1,62899,35.800556,14,"剧情,动作,古装",中国大陆
223,反贪风暴5：最终章,2021-12-31,8.4,62895,40.751606,9,"犯罪,动作","中国大陆,中国香港"
224,后会无期,2014-07-24,8.3,62875,31.956974,34,"喜剧,爱情,冒险",中国大陆
225,末日崩塌,2015-06-02,9.1,62858,37.411068,24,"动作,冒险,灾难",美国
226,新喜剧之王,2019-02-05,8.0,62752,42.586273,24,"剧情,喜剧",中国大陆
227,新木乃伊,2017-06-09,7.1,62563,35.19523,16,"动作,冒险,奇幻",美国
228,蝙蝠侠大战超人：正义黎明,2016-03-25,8.0,61826,35.59753,23,"动作,科幻,奇幻",美国
229,学爸,2023-08-18,9.3,61436,40.663986,10,"剧情,喜剧",中国大陆
230,失控玩家,2021-08-27,8.9,61258,38.8606,7,"动作,冒险","美国,加拿大"
231,功夫熊猫2,2011-05-28,8.7,61175,37.799377,42,动画,美国
232,神奇女侠,2017-06-02,8.6,61014,36.301155,16,"动作,冒险,奇幻",美国
233,狙击手,2022-02-01,9.5,60807,44.773643,7,"剧情,战争,历史",中国大陆
234,一条狗的使命,2017-03-03,8.9,60777,29.967405,15,"剧情,喜剧",美国
235,狄仁杰之四大天王,2018-07-27,8.1,60636,39.113647,18,"动作,悬疑,奇幻,武侠,古装",中国大陆
236,银河护卫队3,2023-05-05,9.2,60619,39.27044,8,"动作,科幻,冒险",美国
237,熊出没·变形记,2018-02-16,9.1,60552,35.826714,29,"动画,喜剧,冒险",中国大陆
238,使徒行者,2016-08-11,8.8,60538,29.397415,24,"动作,犯罪",中国大陆
239,李茶的姑妈,2018-09-30,7.9,60438,34.69147,15,喜剧,中国大陆
240,狄仁杰之神都龙王,2013-09-28,8.3,60059,40.039875,30,"动作,悬疑,古装","中国大陆,中国香港"
241,银河护卫队,2014-10-10,9.2,59640,38.591774,23,"动作,科幻,冒险",美国
242,熊出没·狂野大陆,2021-02-12,8.9,59531,43.313114,18,"喜剧,科幻,动画",中国大陆
243,金陵十三钗,2011-12-15,8.3,59214,41.266125,40,"剧情,战争,历史",中国大陆
244,神奇动物在哪里,2016-11-25,8.9,59085,34.902664,21,"冒险,奇幻,家庭",美国
245,美女与野兽,2017-03-17,8.2,59040,35.080605,16,"爱情,歌舞,奇幻",美国
246,匆匆那年,2014-12-05,8.0,58861,34.74073,24,"校园,爱情",中国大陆
247,火星救援,2015-11-25,9.0,58571,36.772423,24,"动作,冒险,科幻",美国
248,超凡蜘蛛侠2,2014-05-04,9.0,58538,38.662636,23,"动作,冒险,科幻",美国
249,2012,2009-11-13,8.3,58444,33.303165,46,动作,"美国,加拿大"
250,邪不压正,2018-07-13,7.7,58352,35.564896,16,"剧情,喜剧,动作",中国大陆
251,白蛇2：青蛇劫起,2021-07-23,9.0,58026,39.02599,7,"冒险,奇幻,动画",中国大陆
252,追龙,2017-09-30,9.0,57726,32.49085,20,"动作,犯罪",中国大陆
253,金手指,2023-12-30,9.1,57441,40.460045,7,"剧情,犯罪","中国大陆,中国香港"
254,大鱼海棠,2016-07-08,8.4,57378,32.934837,23,动画,中国大陆
255,少年派的奇幻漂流,2012-11-22,9.0,57288,39.428986,38,"剧情,奇幻,冒险","美国,中国台湾,英国,加拿大"
256,拯救嫌疑人,2023-11-01,9.0,56954,41.7331,5,"悬疑,犯罪,剧情",中国大陆
257,复仇者联盟,2012-05-05,8.8,56827,41.705013,33,"动作,科幻,奇幻,冒险",美国
258,杀破狼2,2015-06-18,9.0,55966,36.174625,25,"剧情,动作,犯罪",中国大陆
259,新神榜：杨戬,2022-08-19,8.8,55563,42.115513,5,"动画,冒险,动作",中国大陆
260,爱情公寓,2018-08-10,6.8,55545,35.352978,27,"喜剧,爱情",中国大陆
261,涉过愤怒的海,2023-11-25,8.8,54926,42.31136,8,"剧情,犯罪,悬疑",中国大陆
262,哥，你好,2022-09-09,9.1,54800,41.6395,4,"喜剧,剧情",中国大陆
263,战狼,2015-04-02,9.3,54469,34.260075,25,"动作,战争",中国大陆
264,四海,2022-02-01,8.6,54279,53.10474,17,"剧情,爱情,喜剧",中国大陆
265,007：幽灵党,2015-11-13,8.0,54113,31.537039,28,"动作,惊悚,冒险",美国
266,中国合伙人,2013-05-17,8.9,54065,32.14557,27,"剧情,青春","中国大陆,中国香港"
267,龙门飞甲,2011-12-15,7.7,53992,44.14197,35,"动作,古装,武侠","中国大陆,中国香港"
268,英伦对决,2017-09-30,8.4,53983,37.63522,19,"剧情,动作,犯罪",中国大陆
269,除暴,2020-11-20,8.6,53824,37.086636,8,"犯罪,剧情,动作","中国香港,中国大陆"
270,三生三世十里桃花,2017-08-03,7.1,53501,35.14003,24,"爱情,奇幻,古装",中国大陆
271,警察故事2013,2013-12-24,8.0,53406,39.545963,25,"剧情,动作","中国大陆,中国香港"
272,妖猫传,2017-12-22,7.5,53026,35.54714,23,"爱情,奇幻",中国大陆
273,哆啦A梦：伴我同行,2015-05-28,9.0,52916,34.66687,22,"剧情,喜剧,动画",日本
274,超能陆战队,2015-02-28,9.5,52625,36.70751,25,"动画,喜剧,动作",美国
275,澳门风云,2014-01-31,8.6,52471,32.365917,31,"喜剧,动作","中国大陆,中国香港"
276,杀破狼·贪狼,2017-08-17,8.5,52291,32.32158,18,"悬疑,动作,犯罪","中国大陆,中国香港"
277,熊出没·奇幻空间,2017-01-28,9.1,52114,34.320858,27,"动画,冒险,科幻",中国大陆
278,小时代3：刺金时代,2014-07-17,7.6,52098,31.580196,33,爱情,"中国大陆,中国台湾"
279,北京遇上西雅图,2013-03-21,8.8,52013,31.550077,31,"喜剧,爱情","中国大陆,中国香港"
280,一步之遥,2014-12-18,5.3,51376,42.4509,25,剧情,"中国大陆,美国,中国香港"
281,愤怒的小鸟,2016-05-20,8.7,51297,31.765776,16,"喜剧,动画,动作",芬兰
282,维和防暴队,2024-05-01,8.6,51172,41.85894,8,"动作,剧情",中国大陆
283,滚蛋吧！肿瘤君,2015-08-13,9.0,51045,33.640533,25,"剧情,喜剧,爱情",中国大陆
284,动物世界,2018-06-29,8.5,50967,36.847546,13,"动作,悬疑,冒险",中国大陆
285,我在时间尽头等你,2020-08-25,8.1,50544,35.25194,16,"爱情,奇幻,喜剧",中国大陆
286,1921,2021-07-01,9.4,50476,34.856956,8,"剧情,历史",中国大陆
287,黑衣人3,2012-05-25,8.3,50345,40.718327,28,"动作,喜剧,科幻",美国
288,独立日：卷土重来,2016-06-24,8.4,50219,35.726177,24,"动作,冒险,科幻",美国
289,云边有个小卖部,2024-06-22,8.5,49868,40.519386,6,剧情,中国大陆
290,古墓丽影：源起之战,2018-03-16,8.3,49748,35.066303,14,"悬疑,动作,惊悚",美国
291,盗梦空间,2010-09-01,9.0,49621,30.196854,40,"动作,悬疑,惊悚,科幻","美国,英国"
292,勇敢者游戏：决战丛林,2018-01-12,8.6,49196,34.19796,18,"动作,冒险",美国
293,千与千寻,2019-06-21,9.3,48828,31.226898,12,"动画,冒险,奇幻,家庭",日本
294,紧急救援,2020-12-18,9.2,48526,38.62036,9,"剧情,灾难,动作",中国大陆
295,小小的我,2024-12-27,9.4,48471,40.221066,15,"青春,家庭,剧情",中国大陆
296,小时代4：灵魂尽头,2015-07-09,8.3,48469,30.987238,33,"喜剧,爱情",中国大陆
297,左耳,2015-04-24,7.9,48442,33.99673,25,爱情,中国大陆
